Workbook

Sheet Raw Data -2
A1: Name | B1: Gender | C1: Hometown | D1: Current City | E1: Age | F1: Favourite Drink | G1: Favourite Food
A2: Aarav Sharma | B2: Male | C2: Jaipur | D2: Pune | E2: 50 | F2: Gin & Tonic | G2: Pav Bhaji
A3: Aditya Iyer | B3: Male | C3: Kolkata | D3: Delhi | E3: 23 | F3: Whisky | G3: Rajma Chawal
A4: Karan Reddy | B4: Male | C4: Bangalore | D4: Pune | E4: 20 | F4: Thandai | G4: Vada Pav
A5: Raghav Singh | B5: Male | C5: Lucknow | D5: Gurgaon | E5: 60 | F5: Coconut Water | G5: Vada Pav
A6: Arjun Mehta | B6: Male | C6: Pune | D6: Bangalore | E6: 44 | F6: Nimbu Pani | G6: Butter Chicken
A7: Vikram Chatterjee | B7: Male | C7: Mumbai | D7: Noida | E7: 48 | F7: Beer | G7: Rajma Chawal
A8: Sameer Banerjee | B8: Male | C8: Kolkata | D8: Hyderabad | E8: 21 | F8: Rum | G8: Paneer Tikka
A9: Rohit Mukherjee | B9: Male | C9: Jaipur | D9: Chennai | E9: 29 | F9: Masala Chai | G9: Masala Dosa
A10: Manish Ghosh | B10: Male | C10: Pune | D10: Delhi | E10: 46 | F10: Coconut Water | G10: Masala Dosa
A11: Pranav Nair | B11: Male | C11: Kolkata | D11: Noida | E11: 49 | F11: Filter Coffee | G11: Butter Chicken
A12: Rajeev Menon | B12: Male | C12: Chennai | D12: Gurgaon | E12: 53 | F12: Masala Chai | G12: Vada Pav
A13: Devansh Pillai | B13: Male | C13: Kolkata | D13: Hyderabad | E13: 41 | F13: Masala Chai | G13: Chole Bhature
... A101: Poonam Bhatia | B101: Female | C101: Chennai | D101: Pune | E101: 56 | F101: Gin & Tonic | G101: Masala Dosa

Sheet work sheet -2
A1: Name | B1: Age | C1: Current City | D1: Favourite drink | E1: Favourite food | F1: Gender | G1: Hometown
A2: Rebecca George | B2: =VLOOKUP(A2,'Raw Data -2'!A1:G101,5,FALSE) -> 52 | C2: =VLOOKUP(A2,'Raw Data -2'!A1:G115,4,FALSE) -> Delhi | D2: =VLOOKUP(A2,'Raw Data -2'!A1:G101,6,FALSE) -> Coconut Water | E2: =VLOOKUP(A2,'Raw Data -2'!A1:G101,7,FALSE) -> Paneer Tikka | F2: =VLOOKUP(A2,'Raw Data -2'!A1:G101,2,FALSE) -> Female | G2: =VLOOKUP(A2,'Raw Data -2'!A1:G101,3,FALSE) -> Delhi
A3: Deepak Singh | B3: =VLOOKUP(A3,'Raw Data -2'!A2:G102,5,FALSE) -> 32 | C3: =VLOOKUP(A3,'Raw Data -2'!A2:G116,4,FALSE) -> Pune | D3: =VLOOKUP(A3,'Raw Data -2'!A2:G102,6,FALSE) -> Whisky | E3: =VLOOKUP(A3,'Raw Data -2'!A2:G102,7,FALSE) -> Chole Bhature | F3: =VLOOKUP(A3,'Raw Data -2'!A2:G102,2,FALSE) -> Male | G3: =VLOOKUP(A3,'Raw Data -2'!A2:G102,3,FALSE) -> Bangalore
A4: Keshav Saxena | B4: =VLOOKUP(A4,'Raw Data -2'!A3:G103,5,FALSE) -> 48 | C4: =VLOOKUP(A4,'Raw Data -2'!A3:G117,4,FALSE) -> Chennai | D4: =VLOOKUP(A4,'Raw Data -2'!A3:G103,6,FALSE) -> Lassi | E4: =VLOOKUP(A4,'Raw Data -2'!A3:G103,7,FALSE) -> Paneer Tikka | F4: =VLOOKUP(A4,'Raw Data -2'!A3:G103,2,FALSE) -> Male | G4: =VLOOKUP(A4,'Raw Data -2'!A3:G103,3,FALSE) -> Hyderabad
A5: Komal Varghese | B5: =VLOOKUP(A5,'Raw Data -2'!A4:G104,5,FALSE) -> 42 | C5: =VLOOKUP(A5,'Raw Data -2'!A4:G118,4,FALSE) -> Hyderabad | D5: =VLOOKUP(A5,'Raw Data -2'!A4:G104,6,FALSE) -> Beer | E5: =VLOOKUP(A5,'Raw Data -2'!A4:G104,7,FALSE) -> Pani Puri | F5: =VLOOKUP(A5,'Raw Data -2'!A4:G104,2,FALSE) -> Female | G5: =VLOOKUP(A5,'Raw Data -2'!A4:G104,3,FALSE) -> Lucknow
A6: Jhanvi Cherian | B6: =VLOOKUP(A6,'Raw Data -2'!A5:G105,5,FALSE) -> 45 | C6: =VLOOKUP(A6,'Raw Data -2'!A5:G119,4,FALSE) -> Kolkata | D6: =VLOOKUP(A6,'Raw Data -2'!A5:G105,6,FALSE) -> Masala Chai | E6: =VLOOKUP(A6,'Raw Data -2'!A5:G105,7,FALSE) -> Pav Bhaji | F6: =VLOOKUP(A6,'Raw Data -2'!A5:G105,2,FALSE) -> Female | G6: =VLOOKUP(A6,'Raw Data -2'!A5:G105,3,FALSE) -> Pune
A7: Tanvi Hussain | B7: =VLOOKUP(A7,'Raw Data -2'!A6:G106,5,FALSE) -> 35 | C7: =VLOOKUP(A7,'Raw Data -2'!A6:G120,4,FALSE) -> Bangalore | D7: =VLOOKUP(A7,'Raw Data -2'!A6:G106,6,FALSE) -> Gin & Tonic | E7: =VLOOKUP(A7,'Raw Data -2'!A6:G106,7,FALSE) -> Masala Dosa | F7: =VLOOKUP(A7,'Raw Data -2'!A6:G106,2,FALSE) -> Female | G7: =VLOOKUP(A7,'Raw Data -2'!A6:G106,3,FALSE) -> Ahmedabad
A8: Varun Yadav | B8: =VLOOKUP(A8,'Raw Data -2'!A7:G107,5,FALSE) -> 20 | C8: =VLOOKUP(A8,'Raw Data -2'!A7:G121,4,FALSE) -> Kolkata | D8: =VLOOKUP(A8,'Raw Data -2'!A7:G107,6,FALSE) -> Thandai | E8: =VLOOKUP(A8,'Raw Data -2'!A7:G107,7,FALSE) -> Butter Chicken | F8: =VLOOKUP(A8,'Raw Data -2'!A7:G107,2,FALSE) -> Male | G8: =VLOOKUP(A8,'Raw Data -2'!A7:G107,3,FALSE) -> Jaipur
A9: Teresa Fernandes | B9: =VLOOKUP(A9,'Raw Data -2'!A8:G108,5,FALSE) -> 38 | C9: =VLOOKUP(A9,'Raw Data -2'!A8:G122,4,FALSE) -> Gurgaon | D9: =VLOOKUP(A9,'Raw Data -2'!A8:G108,6,FALSE) -> Filter Coffee | E9: =VLOOKUP(A9,'Raw Data -2'!A8:G108,7,FALSE) -> Masala Dosa | F9: =VLOOKUP(A9,'Raw Data -2'!A8:G108,2,FALSE) -> Female | G9: =VLOOKUP(A9,'Raw Data -2'!A8:G108,3,FALSE) -> Lucknow
A10: Rajeev Menon | B10: =VLOOKUP(A10,'Raw Data -2'!A9:G109,5,FALSE) -> 53 | C10: =VLOOKUP(A10,'Raw Data -2'!A9:G123,4,FALSE) -> Gurgaon | D10: =VLOOKUP(A10,'Raw Data -2'!A9:G109,6,FALSE) -> Masala Chai | E10: =VLOOKUP(A10,'Raw Data -2'!A9:G109,7,FALSE) -> Vada Pav | F10: =VLOOKUP(A10,'Raw Data -2'!A9:G109,2,FALSE) -> Male | G10: =VLOOKUP(A10,'Raw Data -2'!A9:G109,3,FALSE) -> Chennai
A11: Aarav Sharma | B11: =VLOOKUP(A11,'Raw Data -2'!A1:G101,5,FALSE) -> 50 | C11: =VLOOKUP(A11,'Raw Data -2'!A1:G101,4,FALSE) -> Pune | D11: =VLOOKUP(A11,'Raw Data -2'!A1:G101,6,FALSE) -> Gin & Tonic | E11: =VLOOKUP(A11,'Raw Data -2'!A1:G101,7,FALSE) -> Pav Bhaji | F11: =VLOOKUP(A11,'Raw Data -2'!A1:G101,2,FALSE) -> Male | G11: =VLOOKUP(A11,'Raw Data -2'!A1:G101,3,FALSE) -> Jaipur
A13: 1. Filter raw data based on city to find teh males and female sin each city
A14: Filter based on favourite drink and find teh count of peopel in each catagory

Sheet Raw Data -1
A1: Order ID | B1: Date | C1: Region | D1: Salesperson | E1: Product | F1: Quantity | G1: Unit Price | H1: Total Sales
A2: 1001 | B2: 45383 | C2: North | D2: Anil | E2: Laptop | F2: 3 | G2: 45000 | H2: 135000
A3: 1002 | B3: 45384 | C3: South | D3: Meena | E3: Mobile | F3: 5 | G3: 18000 | H3: 90000
A4: 1003 | B4: 45384 | C4: East | D4: Raj | E4: Tablet | F4: 2 | G4: 25000 | H4: 50000
A5: 1004 | B5: 45385 | C5: West | D5: Pooja | E5: Laptop | F5: 1 | G5: 45000 | H5: 45000
A6: 1005 | B6: 45386 | C6: North | D6: Anil | E6: Mobile | F6: 4 | G6: 18000 | H6: 72000
A7: 1006 | B7: 45387 | C7: South | D7: Meena | E7: Tablet | F7: 6 | G7: 25000 | H7: 150000
A8: 1007 | B8: 45388 | C8: East | D8: Raj | E8: Laptop | F8: 2 | G8: 45000 | H8: 90000
A9: 1008 | B9: 45388 | C9: West | D9: Pooja | E9: Mobile | F9: 3 | G9: 18000 | H9: 54000
A10: 1009 | B10: 45505 | C10: North | D10: Anil | E10: Tablet | F10: 5 | G10: 25000 | H10: 125000
A11: 1010 | B11: 45506 | C11: South | D11: Meena | E11: Laptop | F11: 2 | G11: 45000 | H11: 90000
A12: 1011 | B12: 45507 | C12: West | D12: Raman | E12: Laptop | F12: 3 | G12: 45000 | H12: 135000
A13: 1012 | B13: 45508 | C13: West | D13: Trupti | E13: Mobile | F13: 5 | G13: 18000 | H13: 90000
... A19: 1018 | B19: 45514 | C19: North | D19: Raj | E19: Mobile | F19: 3 | G19: 18000 | H19: 54000
A20: 1019 | B20: 1st-june-24 | C20: South | D20: meena | E20: Tablet | F20: 5 | G20: 25000 | H20: 125000
A21: 1020 | B21: 1st-june-25 | C21: East | D21: Raj | E21: Laptop | F21: 2 | G21: 45000 | H21: 90000
A22: 1021 | B22: 1st-june-26 | C22: West | D22: Pooja | E22: Laptop | F22: 3 | G22: 45000 | H22: 135000
A23: 1022 | B23: 1st-june-27 | C23: South | D23: Anil | E23: Mobile | F23: 5 | G23: 18000 | H23: 90000
A24: 1023 | B24: 1st-june-28 | C24: East | D24: Meena | E24: Tablet | F24: 2 | G24: 25000 | H24: 50000
A25: 1024 | B25: 1st-june-29 | C25: west | D25: Raj | E25: Laptop | F25: 1 | G25: 45000 | H25: 45000
A26: 1025 | B26: 1st-june-30 | C26: North | D26: Pooja | E26: Mobile | F26: 4 | G26: 18000 | H26: 72000
A27: 1026 | B27: 1st-jan-24 | C27: South | D27: Anil | E27: Tablet | F27: 6 | G27: 25000 | H27: 150000
A28: 1027 | B28: 1st-jan-25 | C28: East | D28: Meena | E28: Laptop | F28: 2 | G28: 45000 | H28: 90000
A29: 1028 | B29: 1st-jan-26 | C29: North | D29: Raman | E29: Mobile | F29: 3 | G29: 18000 | H29: 54000
A30: 1029 | B30: 1st-jan-27 | C30: South | D30: Trupti | E30: Tablet | F30: 5 | G30: 25000 | H30: 125000
A31: 1030 | B31: 1st-jan-28 | C31: west | D31: Anil | E31: Laptop | F31: 2 | G31: 45000 | H31: 90000
... A41: 1029 | B41: 1st-feb-30 | C41: South | D41: Trupti | E41: Tablet | F41: 2 | G41: 45000 | H41: 90000

Sheet Work sheet-1
A1: vlookup
A2: Order ID | B2: Date | C2: Region | D2: Salesperson | E2: Product | F2: Quantity | G2: Unit Price | H2: Total Sales
A3: 1001 | B3: 45383 | C3: North | D3: =VLOOKUP(A3,'Raw Data -1'!A1:H41,4,FALSE) -> Anil | E3: =VLOOKUP(B3,'Raw Data -1'!B1:I41,4,FALSE) -> Laptop | F3: =VLOOKUP(C3,'Raw Data -1'!C1:J41,4,FALSE) -> 3 | G3: =VLOOKUP(D3,'Raw Data -1'!D1:K41,4,FALSE) -> 45000 | H3: =VLOOKUP(E3,'Raw Data -1'!E1:L41,4,FALSE) -> 135000
A4: 1003 | B4: 45384 | C4: East | D4: =VLOOKUP(A4,'Raw Data -1'!A2:H42,4,FALSE) -> Raj | E4: =VLOOKUP(B4,'Raw Data -1'!B2:I42,4,FALSE) -> Mobile | F4: =VLOOKUP(C4,'Raw Data -1'!C2:J42,4,FALSE) -> 2 | G4: =VLOOKUP(D4,'Raw Data -1'!D2:K42,4,FALSE) -> 25000 | H4: =VLOOKUP(E4,'Raw Data -1'!E2:L42,4,FALSE) -> 90000
A5: 1005 | B5: 45386 | C5: North | D5: =VLOOKUP(A5,'Raw Data -1'!A3:H43,4,FALSE) -> Anil | E5: =VLOOKUP(B5,'Raw Data -1'!B3:I43,4,FALSE) -> Mobile | F5: =VLOOKUP(C5,'Raw Data -1'!C3:J43,4,FALSE) -> 4 | G5: =VLOOKUP(D5,'Raw Data -1'!D3:K43,4,FALSE) -> 18000 | H5: =VLOOKUP(E5,'Raw Data -1'!E3:L43,4,FALSE) -> 90000
A6: 1006 | B6: 45387 | C6: South | D6: =VLOOKUP(A6,'Raw Data -1'!A4:H44,4,FALSE) -> Meena | E6: =VLOOKUP(B6,'Raw Data -1'!B4:I44,4,FALSE) -> Tablet | F6: =VLOOKUP(C6,'Raw Data -1'!C4:J44,4,FALSE) -> 6 | G6: =VLOOKUP(D6,'Raw Data -1'!D4:K44,4,FALSE) -> 25000 | H6: =VLOOKUP(E6,'Raw Data -1'!E4:L44,4,FALSE) -> 50000
A7: 1007 | B7: 45388 | C7: East | D7: =VLOOKUP(A7,'Raw Data -1'!A5:H45,4,FALSE) -> Raj | E7: =VLOOKUP(B7,'Raw Data -1'!B5:I45,4,FALSE) -> Laptop | F7: =VLOOKUP(C7,'Raw Data -1'!C5:J45,4,FALSE) -> 2 | G7: =VLOOKUP(D7,'Raw Data -1'!D5:K45,4,FALSE) -> 45000 | H7: =VLOOKUP(E7,'Raw Data -1'!E5:L45,4,FALSE) -> 45000
A8: 1008 | B8: 45388 | C8: West | D8: =VLOOKUP(A8,'Raw Data -1'!A6:H46,4,FALSE) -> Pooja | E8: =VLOOKUP(B8,'Raw Data -1'!B6:I46,4,FALSE) -> Laptop | F8: =VLOOKUP(C8,'Raw Data -1'!C6:J46,4,FALSE) -> 3 | G8: =VLOOKUP(D8,'Raw Data -1'!D6:K46,4,FALSE) -> 18000 | H8: =VLOOKUP(E8,'Raw Data -1'!E6:L46,4,FALSE) -> 90000
A9: 1009 | B9: 45505 | C9: North | D9: =VLOOKUP(A9,'Raw Data -1'!A7:H47,4,FALSE) -> Anil | E9: =VLOOKUP(B9,'Raw Data -1'!B7:I47,4,FALSE) -> Tablet | F9: =VLOOKUP(C9,'Raw Data -1'!C7:J47,4,FALSE) -> 5 | G9: =VLOOKUP(D9,'Raw Data -1'!D7:K47,4,FALSE) -> 25000 | H9: =VLOOKUP(E9,'Raw Data -1'!E7:L47,4,FALSE) -> 150000
A10: 1010 | B10: 45506 | C10: South | D10: =VLOOKUP(A10,'Raw Data -1'!A8:H48,4,FALSE) -> Meena | E10: =VLOOKUP(B10,'Raw Data -1'!B8:I48,4,FALSE) -> Laptop | F10: =VLOOKUP(C10,'Raw Data -1'!C8:J48,4,FALSE) -> 2 | G10: =VLOOKUP(D10,'Raw Data -1'!D8:K48,4,FALSE) -> 45000 | H10: =VLOOKUP(E10,'Raw Data -1'!E8:L48,4,FALSE) -> 90000
A11: 1012 | B11: 45508 | C11: West | D11: =VLOOKUP(A11,'Raw Data -1'!A9:H49,4,FALSE) -> Trupti | E11: =VLOOKUP(B11,'Raw Data -1'!B9:I49,4,FALSE) -> Mobile | F11: =VLOOKUP(C11,'Raw Data -1'!C9:J49,4,FALSE) -> 3 | G11: =VLOOKUP(D11,'Raw Data -1'!D9:K49,4,FALSE) -> 18000 | H11: =VLOOKUP(E11,'Raw Data -1'!E9:L49,4,FALSE) -> 54000
A12: 1013 | B12: 45509 | C12: North | D12: =VLOOKUP(A12,'Raw Data -1'!A10:H50,4,FALSE) -> sati | E12: =VLOOKUP(B12,'Raw Data -1'!B10:I50,4,FALSE) -> Tablet | F12: =VLOOKUP(C12,'Raw Data -1'!C10:J50,4,FALSE) -> 5 | G12: =VLOOKUP(D12,'Raw Data -1'!D10:K50,4,FALSE) -> 25000 | H12: =VLOOKUP(E12,'Raw Data -1'!E10:L50,4,FALSE) -> 125000
A13: 1014 | B13: 45510 | C13: East | D13: =VLOOKUP(A13,'Raw Data -1'!A11:H51,4,FALSE) -> Ramesh | E13: =VLOOKUP(B13,'Raw Data -1'!B11:I51,4,FALSE) -> Laptop | F13: =VLOOKUP(C13,'Raw Data -1'!C11:J51,4,FALSE) -> 1 | G13: =VLOOKUP(D13,'Raw Data -1'!D11:K51,4,FALSE) -> 45000 | H13: =VLOOKUP(E13,'Raw Data -1'!E11:L51,4,FALSE) -> 90000
A14: 1016 | B14: 45512 | C14: East | D14: =VLOOKUP(A14,'Raw Data -1'!A12:H52,4,FALSE) -> Anurup | E14: =VLOOKUP(B14,'Raw Data -1'!B12:I52,4,FALSE) -> Tablet | F14: =VLOOKUP(C14,'Raw Data -1'!C12:J52,4,FALSE) -> 1 | G14: =VLOOKUP(D14,'Raw Data -1'!D12:K52,4,FALSE) -> 25000 | H14: =VLOOKUP(E14,'Raw Data -1'!E12:L52,4,FALSE) -> 50000
A15: 1017 | B15: 45513 | C15: West | D15: =VLOOKUP(A15,'Raw Data -1'!A13:H53,4,FALSE) -> pooja | E15: =VLOOKUP(B15,'Raw Data -1'!B13:I53,4,FALSE) -> Laptop | F15: =VLOOKUP(C15,'Raw Data -1'!C13:J53,4,FALSE) -> 5 | G15: =VLOOKUP(D15,'Raw Data -1'!D13:K53,4,FALSE) -> 45000 | H15: =VLOOKUP(E15,'Raw Data -1'!E13:L53,4,FALSE) -> 45000
A16: 1019 | B16: 1st-june-24 | C16: South | D16: =VLOOKUP(A16,'Raw Data -1'!A14:H54,4,FALSE) -> meena | E16: =VLOOKUP(B16,'Raw Data -1'!B14:I54,4,FALSE) -> Tablet | F16: =VLOOKUP(C16,'Raw Data -1'!C14:J54,4,FALSE) -> 4 | G16: =VLOOKUP(D16,'Raw Data -1'!D14:K54,4,FALSE) -> 25000 | H16: =VLOOKUP(E16,'Raw Data -1'!E14:L54,4,FALSE) -> 50000
A17: 1020 | B17: 1st-june-25 | C17: East | D17: =VLOOKUP(A17,'Raw Data -1'!A15:H55,4,FALSE) -> Raj | E17: =VLOOKUP(B17,'Raw Data -1'!B15:I55,4,FALSE) -> Laptop | F17: =VLOOKUP(C17,'Raw Data -1'!C15:J55,4,FALSE) -> 1 | G17: =VLOOKUP(D17,'Raw Data -1'!D15:K55,4,FALSE) -> 18000 | H17: =VLOOKUP(E17,'Raw Data -1'!E15:L55,4,FALSE) -> 45000
A18: 1021 | B18: 1st-june-26 | C18: West | D18: =VLOOKUP(A18,'Raw Data -1'!A16:H56,4,FALSE) -> Pooja | E18: =VLOOKUP(B18,'Raw Data -1'!B16:I56,4,FALSE) -> Laptop | F18: =VLOOKUP(C18,'Raw Data -1'!C16:J56,4,FALSE) -> 2 | G18: =VLOOKUP(D18,'Raw Data -1'!D16:K56,4,FALSE) -> 45000 | H18: =VLOOKUP(E18,'Raw Data -1'!E16:L56,4,FALSE) -> 90000
A19: 1022 | B19: 1st-june-27 | C19: South | D19: =VLOOKUP(A19,'Raw Data -1'!A17:H57,4,FALSE) -> Anil | E19: =VLOOKUP(B19,'Raw Data -1'!B17:I57,4,FALSE) -> Mobile | F19: =VLOOKUP(C19,'Raw Data -1'!C17:J57,4,FALSE) -> 5 | G19: =VLOOKUP(D19,'Raw Data -1'!D17:K57,4,FALSE) -> 18000 | H19: =VLOOKUP(E19,'Raw Data -1'!E17:L57,4,FALSE) -> 54000
A20: 1023 | B20: 1st-june-28 | C20: East | D20: =VLOOKUP(A20,'Raw Data -1'!A18:H58,4,FALSE) -> Meena | E20: =VLOOKUP(B20,'Raw Data -1'!B18:I58,4,FALSE) -> Tablet | F20: =VLOOKUP(C20,'Raw Data -1'!C18:J58,4,FALSE) -> 2 | G20: =VLOOKUP(D20,'Raw Data -1'!D18:K58,4,FALSE) -> 25000 | H20: =VLOOKUP(E20,'Raw Data -1'!E18:L58,4,FALSE) -> 125000
A21: 1024 | B21: 1st-june-29 | C21: west | D21: =VLOOKUP(A21,'Raw Data -1'!A19:H59,4,FALSE) -> Raj | E21: =VLOOKUP(B21,'Raw Data -1'!B19:I59,4,FALSE) -> Laptop | F21: =VLOOKUP(C21,'Raw Data -1'!C19:J59,4,FALSE) -> 3 | G21: =VLOOKUP(D21,'Raw Data -1'!D19:K59,4,FALSE) -> 18000 | H21: =VLOOKUP(E21,'Raw Data -1'!E19:L59,4,FALSE) -> 90000
A22: 1025 | B22: 1st-june-30 | C22: North | D22: =VLOOKUP(A22,'Raw Data -1'!A20:H60,4,FALSE) -> Pooja | E22: =VLOOKUP(B22,'Raw Data -1'!B20:I60,4,FALSE) -> Mobile | F22: =VLOOKUP(C22,'Raw Data -1'!C20:J60,4,FALSE) -> 4 | G22: =VLOOKUP(D22,'Raw Data -1'!D20:K60,4,FALSE) -> 45000 | H22: =VLOOKUP(E22,'Raw Data -1'!E20:L60,4,FALSE) -> 90000
A23: 1026 | B23: 1st-jan-24 | C23: South | D23: =VLOOKUP(A23,'Raw Data -1'!A21:H61,4,FALSE) -> Anil | E23: =VLOOKUP(B23,'Raw Data -1'!B21:I61,4,FALSE) -> Tablet | F23: =VLOOKUP(C23,'Raw Data -1'!C21:J61,4,FALSE) -> 5 | G23: =VLOOKUP(D23,'Raw Data -1'!D21:K61,4,FALSE) -> 18000 | H23: =VLOOKUP(E23,'Raw Data -1'!E21:L61,4,FALSE) -> 50000
A24: 1027 | B24: 1st-jan-25 | C24: East | D24: =VLOOKUP(A24,'Raw Data -1'!A22:H62,4,FALSE) -> Meena | E24: =VLOOKUP(B24,'Raw Data -1'!B22:I62,4,FALSE) -> Laptop | F24: =VLOOKUP(C24,'Raw Data -1'!C22:J62,4,FALSE) -> 2 | G24: =VLOOKUP(D24,'Raw Data -1'!D22:K62,4,FALSE) -> 25000 | H24: =VLOOKUP(E24,'Raw Data -1'!E22:L62,4,FALSE) -> 135000
A25: 1028 | B25: 1st-jan-26 | C25: North | D25: =VLOOKUP(A25,'Raw Data -1'!A23:H63,4,FALSE) -> Raman | E25: =VLOOKUP(B25,'Raw Data -1'!B23:I63,4,FALSE) -> Mobile | F25: =VLOOKUP(C25,'Raw Data -1'!C23:J63,4,FALSE) -> 4 | G25: =VLOOKUP(D25,'Raw Data -1'!D23:K63,4,FALSE) -> 18000 | H25: =VLOOKUP(E25,'Raw Data -1'!E23:L63,4,FALSE) -> 90000
A26: 1029 | B26: 1st-jan-27 | C26: South | D26: =VLOOKUP(A26,'Raw Data -1'!A24:H64,4,FALSE) -> Trupti | E26: =VLOOKUP(B26,'Raw Data -1'!B24:I64,4,FALSE) -> Tablet | F26: =VLOOKUP(C26,'Raw Data -1'!C24:J64,4,FALSE) -> 6 | G26: =VLOOKUP(D26,'Raw Data -1'!D24:K64,4,FALSE) -> 25000 | H26: =VLOOKUP(E26,'Raw Data -1'!E24:L64,4,FALSE) -> 50000
A27: 1030 | B27: 1st-jan-28 | C27: west | D27: =VLOOKUP(A27,'Raw Data -1'!A25:H65,4,FALSE) -> Anil | E27: =VLOOKUP(B27,'Raw Data -1'!B25:I65,4,FALSE) -> Laptop | F27: =VLOOKUP(C27,'Raw Data -1'!C25:J65,4,FALSE) -> 1 | G27: =VLOOKUP(D27,'Raw Data -1'!D25:K65,4,FALSE) -> 25000 | H27: =VLOOKUP(E27,'Raw Data -1'!E25:L65,4,FALSE) -> 45000
... A37: 1029 | B37: 1st-feb-30 | C37: South | D37: =VLOOKUP(A37,'Raw Data -1'!A35:H75,4,FALSE) -> Trupti | E37: =VLOOKUP(B37,'Raw Data -1'!B35:I75,4,FALSE) -> Tablet | F37: =VLOOKUP(C37,'Raw Data -1'!C35:J75,4,FALSE) -> 2 | G37: =VLOOKUP(D37,'Raw Data -1'!D35:K75,4,FALSE) -> 45000 | H37: =VLOOKUP(E37,'Raw Data -1'!E35:L75,4,FALSE) -> 45000

Sheet PIVOT 
A1: 1. Total Sales by Region | D1: 2. Sales by Salesperson | G1: 3. Product-wise Sales | J1: 4. Monthly Sales Trend | M1: 5. Top Performing Product per Region | T1: 6.Average Sale Value
A2: Region | B2: SUM of Total Sales | D2: Salesperson | E2: SUM of Total Sales | G2: Product | H2: SUM of Total Sales | J2: Date - Month | K2: SUM of Total Sales | M2: SUM of Total Sales | N2: Product | T2: Order ID | U2: AVERAGE of Total Sales
B3: 0 | E3: 0 | H3: 0 | J3: Apr | K3: 686000 | M3: Region | O3: Laptop | P3: Mobile | Q3: Tablet | R3: Grand Total | U3: #DIV/0!
A4: East | B4: 754000 | D4: Anil | E4: 869000 | G4: Laptop | H4: 1296000 | J4: Aug | K4: 901000 | N4: 0 | R4: 0 | T4: 1001 | U4: 135000
A5: North | B5: 887000 | D5: Anurup | E5: 150000 | G5: Mobile | H5: 973000 | K5: 0 | M5: East | O5: 369000 | Q5: 385000 | R5: 754000 | T5: 1002 | U5: 90000
A6: South | B6: 1162000 | D6: Meena | E6: 784000 | G6: Tablet | H6: 1335000 | J6: 1st-feb-24 | K6: 45000 | M6: North | O6: 135000 | P6: 577000 | Q6: 175000 | R6: 887000 | T6: 1003 | U6: 50000
A7: West | B7: 801000 | D7: Pooja | E7: 596000 | G7: Grand Total | H7: 3604000 | J7: 1st-feb-25 | K7: 72000 | M7: South | O7: 180000 | P7: 252000 | Q7: 730000 | R7: 1162000 | T7: 1004 | U7: 45000
A8: Grand Total | B8: 3604000 | D8: Raj | E8: 491000 | J8: 1st-feb-26 | K8: 150000 | M8: West | O8: 612000 | P8: 144000 | Q8: 45000 | R8: 801000 | T8: 1005 | U8: 72000
D9: Raman | E9: 314000 | J9: 1st-feb-27 | K9: 90000 | M9: Grand Total | N9: 0 | O9: 1296000 | P9: 973000 | Q9: 1335000 | R9: 3604000 | T9: 1006 | U9: 150000
D10: Ramesh | E10: 45000 | J10: 1st-feb-28 | K10: 54000 | T10: 1007 | U10: 90000
D11: sati | E11: 50000 | J11: 1st-feb-29 | K11: 125000 | T11: 1008 | U11: 54000
D12: Trupti | E12: 305000 | J12: 1st-feb-30 | K12: 90000 | T12: 1009 | U12: 125000
D13: Grand Total | E13: 3604000 | J13: 1st-jan-24 | K13: 150000 | T13: 1010 | U13: 90000
J14: 1st-jan-25 | K14: 90000 | T14: 1011 | U14: 135000
J15: 1st-jan-26 | K15: 54000 | T15: 1012 | U15: 90000
J16: 1st-jan-27 | K16: 125000 | T16: 1013 | U16: 50000
J17: 1st-jan-28 | K17: 90000 | T17: 1014 | U17: 45000
J18: 1st-jan-29 | K18: 135000 | T18: 1015 | U18: 72000
J19: 1st-jan-30 | K19: 90000 | T19: 1016 | U19: 150000
J20: 1st-jan-31 | K20: 50000 | T20: 1017 | U20: 90000
J21: 1st-june-24 | K21: 125000 | T21: 1018 | U21: 54000
J22: 1st-june-25 | K22: 90000 | T22: 1019 | U22: 125000
J23: 1st-june-26 | K23: 135000 | T23: 1020 | U23: 90000
J24: 1st-june-27 | K24: 90000 | T24: 1021 | U24: 135000
J25: 1st-june-28 | K25: 50000 | T25: 1022 | U25: 90000
... J28: Grand Total | K28: 3604000 | T28: 1025 | U28: 111000
T29: 1026 | U29: 120000
T30: 1027 | U30: 72000
T31: 1028 | U31: 89500
T32: 1029 | U32: 107500
T33: 1030 | U33: 90000
T34: 1031 | U34: 135000
T35: 1032 | U35: 90000
T36: 1033 | U36: 50000
T37: 1034 | U37: 45000
T38: Grand Total | U38: 90100
